"","experiment","condition","trait","comparison","adj.p.value"
"1","NIL","cisplatin","median.TOF","ECA1114-CB4856",0.00746753003547962
"2","NIL","cisplatin","median.TOF","ECA232-CB4856",0.00241153829383622
"3","NIL","cisplatin","median.TOF","N2-CB4856",4.71631763365732e-06
"4","NIL","cisplatin","median.TOF","ECA232-ECA1114",0.979127746503148
"5","NIL","cisplatin","median.TOF","N2-ECA1114",0.105258007257329
"6","NIL","cisplatin","median.TOF","N2-ECA232",0.225276240581544
"7","NIL","etoposide","median.TOF","ECA1114-CB4856",0.878854929364108
"8","NIL","etoposide","median.TOF","ECA232-CB4856",0.450883197470823
"9","NIL","etoposide","median.TOF","N2-CB4856",0.944009359008911
"10","NIL","etoposide","median.TOF","ECA232-ECA1114",0.890252180021845
"11","NIL","etoposide","median.TOF","N2-ECA1114",0.997189212209822
"12","NIL","etoposide","median.TOF","N2-ECA232",0.786353505386455
"13","NIL","silver","median.TOF","ECA1114-CB4856",0.620212647552108
"14","NIL","silver","median.TOF","ECA232-CB4856",0.0731381957889372
"15","NIL","silver","median.TOF","N2-CB4856",0.0163542958322187
"16","NIL","silver","median.TOF","ECA232-ECA1114",0.00304315880357187
"17","NIL","silver","median.TOF","N2-ECA1114",0.000473354132495274
"18","NIL","silver","median.TOF","N2-ECA232",0.927441559647137
"19","NIL","bortezomib","median.TOF","ECA1114-CB4856",0.995200397341951
"20","NIL","bortezomib","median.TOF","ECA232-CB4856",0.100904373940448
"21","NIL","bortezomib","median.TOF","N2-CB4856",0.465039412013431
"22","NIL","bortezomib","median.TOF","ECA232-ECA1114",0.163131975360914
"23","NIL","bortezomib","median.TOF","N2-ECA1114",0.611273973981974
"24","NIL","bortezomib","median.TOF","N2-ECA232",0.810902137069321
"25","NIL","carmustine","median.TOF","ECA1114-CB4856",0.672233285027231
"26","NIL","carmustine","median.TOF","ECA232-CB4856",0.708763404077265
"27","NIL","carmustine","median.TOF","N2-CB4856",0.264951745385149
"28","NIL","carmustine","median.TOF","ECA232-ECA1114",0.999782906911591
"29","NIL","carmustine","median.TOF","N2-ECA1114",0.905227664103259
"30","NIL","carmustine","median.TOF","N2-ECA232",0.863846482166914
"31","NIL","cisplatin","median.EXT","ECA1114-CB4856",4.77662354114727e-12
"32","NIL","cisplatin","median.EXT","ECA232-CB4856",1.60069513199801e-09
"33","NIL","cisplatin","median.EXT","N2-CB4856",2.65210076122457e-12
"34","NIL","cisplatin","median.EXT","ECA232-ECA1114",0.250139759195899
"35","NIL","cisplatin","median.EXT","N2-ECA1114",0.994153083086396
"36","NIL","cisplatin","median.EXT","N2-ECA232",0.15746859863797
"37","NIL","etoposide","median.EXT","ECA1114-CB4856",3.49429977535287e-05
"38","NIL","etoposide","median.EXT","ECA232-CB4856",0.468746084419392
"39","NIL","etoposide","median.EXT","N2-CB4856",0.0290232368272688
"40","NIL","etoposide","median.EXT","ECA232-ECA1114",0.00303839609271139
"41","NIL","etoposide","median.EXT","N2-ECA1114",0.108422196082164
"42","NIL","etoposide","median.EXT","N2-ECA232",0.485099019492977
"43","NIL","silver","median.EXT","ECA1114-CB4856",2.70449894712588e-06
"44","NIL","silver","median.EXT","ECA232-CB4856",0.129939693165357
"45","NIL","silver","median.EXT","N2-CB4856",0.00493299235539391
"46","NIL","silver","median.EXT","ECA232-ECA1114",0.00348505453586745
"47","NIL","silver","median.EXT","N2-ECA1114",0.101253887703167
"48","NIL","silver","median.EXT","N2-ECA232",0.556077795058836
"49","NIL","bortezomib","median.EXT","ECA1114-CB4856",9.88841092341985e-08
"50","NIL","bortezomib","median.EXT","ECA232-CB4856",0.0569714330252156
"51","NIL","bortezomib","median.EXT","N2-CB4856",8.26672064135892e-13
"52","NIL","bortezomib","median.EXT","ECA232-ECA1114",0.000569853096576534
"53","NIL","bortezomib","median.EXT","N2-ECA1114",2.16638692651649e-07
"54","NIL","bortezomib","median.EXT","N2-ECA232",1.08701936341049e-12
"55","NIL","carmustine","median.EXT","ECA1114-CB4856",2.82622230191043e-05
"56","NIL","carmustine","median.EXT","ECA232-CB4856",0.00167792351374751
"57","NIL","carmustine","median.EXT","N2-CB4856",9.73217761934819e-09
"58","NIL","carmustine","median.EXT","ECA232-ECA1114",0.518560280269767
"59","NIL","carmustine","median.EXT","N2-ECA1114",0.130797446100995
"60","NIL","carmustine","median.EXT","N2-ECA232",0.00335206895686313
"61","NIL","cisplatin","median.norm.EXT","ECA1114-CB4856",9.02757571252799e-07
"62","NIL","cisplatin","median.norm.EXT","ECA232-CB4856",0.000314398383161607
"63","NIL","cisplatin","median.norm.EXT","N2-CB4856",1.27602335453503e-06
"64","NIL","cisplatin","median.norm.EXT","ECA232-ECA1114",0.301165347387777
"65","NIL","cisplatin","median.norm.EXT","N2-ECA1114",0.999608645545683
"66","NIL","cisplatin","median.norm.EXT","N2-ECA232",0.352693611058916
"67","NIL","etoposide","median.norm.EXT","ECA1114-CB4856",0.000681494719150799
"68","NIL","etoposide","median.norm.EXT","ECA232-CB4856",0.00978604832083785
"69","NIL","etoposide","median.norm.EXT","N2-CB4856",0.000214454220180404
"70","NIL","etoposide","median.norm.EXT","ECA232-ECA1114",0.75852535654099
"71","NIL","etoposide","median.norm.EXT","N2-ECA1114",0.993129876314019
"72","NIL","etoposide","median.norm.EXT","N2-ECA232",0.579200677715883
"73","NIL","silver","median.norm.EXT","ECA1114-CB4856",0.000123554395217051
"74","NIL","silver","median.norm.EXT","ECA232-CB4856",0.00380398874994681
"75","NIL","silver","median.norm.EXT","N2-CB4856",4.19924095079738e-05
"76","NIL","silver","median.norm.EXT","ECA232-ECA1114",0.684596027260316
"77","NIL","silver","median.norm.EXT","N2-ECA1114",0.98734007772052
"78","NIL","silver","median.norm.EXT","N2-ECA232",0.48058563014946
"79","NIL","bortezomib","median.norm.EXT","ECA1114-CB4856",0.00253401621611393
"80","NIL","bortezomib","median.norm.EXT","ECA232-CB4856",0.0089401381854658
"81","NIL","bortezomib","median.norm.EXT","N2-CB4856",6.03245675634412e-10
"82","NIL","bortezomib","median.norm.EXT","ECA232-ECA1114",0.970935337729249
"83","NIL","bortezomib","median.norm.EXT","N2-ECA1114",0.00017964496863998
"84","NIL","bortezomib","median.norm.EXT","N2-ECA232",4.27893800294399e-05
"85","NIL","carmustine","median.norm.EXT","ECA1114-CB4856",0.116437739508702
"86","NIL","carmustine","median.norm.EXT","ECA232-CB4856",0.63071586460915
"87","NIL","carmustine","median.norm.EXT","N2-CB4856",0.00472946760582393
"88","NIL","carmustine","median.norm.EXT","ECA232-ECA1114",0.681394110812494
"89","NIL","carmustine","median.norm.EXT","N2-ECA1114",0.626722244832679
"90","NIL","carmustine","median.norm.EXT","N2-ECA232",0.097462353973885
"91","NIL","bleomycin","median.TOF","ECA1114-CB4856",9.26159149372552e-12
"92","NIL","bleomycin","median.TOF","ECA232-CB4856",0.0298480292026008
"93","NIL","bleomycin","median.TOF","N2-CB4856",1.04291367547527e-05
"94","NIL","bleomycin","median.TOF","ECA232-ECA1114",1.76322936584761e-07
"95","NIL","bleomycin","median.TOF","N2-ECA1114",0.000498987726553879
"96","NIL","bleomycin","median.TOF","N2-ECA232",0.0713491470337948
"97","NIL","puromycin","median.TOF","ECA1114-CB4856",0.305514265006535
"98","NIL","puromycin","median.TOF","ECA232-CB4856",0.933454509464792
"99","NIL","puromycin","median.TOF","N2-CB4856",0.413355234906228
"100","NIL","puromycin","median.TOF","ECA232-ECA1114",0.101248007598542
"101","NIL","puromycin","median.TOF","N2-ECA1114",0.996938744316056
"102","NIL","puromycin","median.TOF","N2-ECA232",0.153377930741801
"103","NIL","amsacrine","median.TOF","ECA1114-CB4856",0.434374820685281
"104","NIL","amsacrine","median.TOF","ECA232-CB4856",0.991215953343009
"105","NIL","amsacrine","median.TOF","N2-CB4856",0.954702545547921
"106","NIL","amsacrine","median.TOF","ECA232-ECA1114",0.61252827841868
"107","NIL","amsacrine","median.TOF","N2-ECA1114",0.748053016273387
"108","NIL","amsacrine","median.TOF","N2-ECA232",0.995945636887714
"109","NIL","bleomycin","median.EXT","ECA1114-CB4856",1.10011999510107e-12
"110","NIL","bleomycin","median.EXT","ECA232-CB4856",2.2056800830228e-12
"111","NIL","bleomycin","median.EXT","N2-CB4856",1.10167430733554e-12
"112","NIL","bleomycin","median.EXT","ECA232-ECA1114",8.87770912338937e-09
"113","NIL","bleomycin","median.EXT","N2-ECA1114",0.000130465714349826
"114","NIL","bleomycin","median.EXT","N2-ECA232",0.0221728016820502
"115","NIL","puromycin","median.EXT","ECA1114-CB4856",5.56941048652781e-05
"116","NIL","puromycin","median.EXT","ECA232-CB4856",0.0321433824270864
"117","NIL","puromycin","median.EXT","N2-CB4856",1.5721843715788e-08
"118","NIL","puromycin","median.EXT","ECA232-ECA1114",0.154538372634063
"119","NIL","puromycin","median.EXT","N2-ECA1114",0.0851343163894533
"120","NIL","puromycin","median.EXT","N2-ECA232",0.000215224206901787
"121","NIL","amsacrine","median.EXT","ECA1114-CB4856",7.58820366819624e-06
"122","NIL","amsacrine","median.EXT","ECA232-CB4856",4.79065035960957e-05
"123","NIL","amsacrine","median.EXT","N2-CB4856",1.30771282691455e-10
"124","NIL","amsacrine","median.EXT","ECA232-ECA1114",0.944644273036131
"125","NIL","amsacrine","median.EXT","N2-ECA1114",0.0101786557772986
"126","NIL","amsacrine","median.EXT","N2-ECA232",0.00208048166147812
"127","NIL","bleomycin","median.norm.EXT","ECA1114-CB4856",1.10067510661338e-12
"128","NIL","bleomycin","median.norm.EXT","ECA232-CB4856",1.05363495706001e-11
"129","NIL","bleomycin","median.norm.EXT","N2-CB4856",1.17694742840513e-12
"130","NIL","bleomycin","median.norm.EXT","ECA232-ECA1114",0.00027193711201956
"131","NIL","bleomycin","median.norm.EXT","N2-ECA1114",0.0156868289836882
"132","NIL","bleomycin","median.norm.EXT","N2-ECA232",0.47489767403874
"133","NIL","puromycin","median.norm.EXT","ECA1114-CB4856",0.00319971883731995
"134","NIL","puromycin","median.norm.EXT","ECA232-CB4856",0.000258296636688859
"135","NIL","puromycin","median.norm.EXT","N2-CB4856",1.23853088895842e-08
"136","NIL","puromycin","median.norm.EXT","ECA232-ECA1114",0.843813402975745
"137","NIL","puromycin","median.norm.EXT","N2-ECA1114",0.00238262902050834
"138","NIL","puromycin","median.norm.EXT","N2-ECA232",0.0232590124325571
"139","NIL","amsacrine","median.norm.EXT","ECA1114-CB4856",0.00801607964214579
"140","NIL","amsacrine","median.norm.EXT","ECA232-CB4856",0.0744596066907064
"141","NIL","amsacrine","median.norm.EXT","N2-CB4856",1.56066243574005e-05
"142","NIL","amsacrine","median.norm.EXT","ECA232-ECA1114",0.812920579797776
"143","NIL","amsacrine","median.norm.EXT","N2-ECA1114",0.202070214371063
"144","NIL","amsacrine","median.norm.EXT","N2-ECA232",0.0294242037440632
"145","CRISPR","bortezomib","median.TOF","ECA1114-CB4856",0.169242006253611
"146","CRISPR","bortezomib","median.TOF","ECA1132-CB4856",2.53992385679247e-07
"147","CRISPR","bortezomib","median.TOF","ECA1133-CB4856",0.963369358811401
"148","CRISPR","bortezomib","median.TOF","ECA1134-CB4856",0.999999959037897
"149","CRISPR","bortezomib","median.TOF","ECA1135-CB4856",3.42403273179137e-06
"150","CRISPR","bortezomib","median.TOF","ECA232-CB4856",9.48796596844659e-13
"151","CRISPR","bortezomib","median.TOF","N2-CB4856",0.0231233496929433
"152","CRISPR","bortezomib","median.TOF","ECA1132-ECA1114",1.5709655798446e-13
"153","CRISPR","bortezomib","median.TOF","ECA1133-ECA1114",0.784256799470148
"154","CRISPR","bortezomib","median.TOF","ECA1134-ECA1114",0.106764689162544
"155","CRISPR","bortezomib","median.TOF","ECA1135-ECA1114",1.90458759874446e-12
"156","CRISPR","bortezomib","median.TOF","ECA232-ECA1114",4.65183447317941e-14
"157","CRISPR","bortezomib","median.TOF","N2-ECA1114",4.3329024246308e-07
"158","CRISPR","bortezomib","median.TOF","ECA1133-ECA1132",5.62895841049738e-10
"159","CRISPR","bortezomib","median.TOF","ECA1134-ECA1132",2.40350752078733e-07
"160","CRISPR","bortezomib","median.TOF","ECA1135-ECA1132",0.999440511191763
"161","CRISPR","bortezomib","median.TOF","ECA232-ECA1132",0.332342343607266
"162","CRISPR","bortezomib","median.TOF","N2-ECA1132",0.132908291332695
"163","CRISPR","bortezomib","median.TOF","ECA1134-ECA1133",0.923619411229716
"164","CRISPR","bortezomib","median.TOF","ECA1135-ECA1133",1.04112077847773e-08
"165","CRISPR","bortezomib","median.TOF","ECA232-ECA1133",8.40438829641244e-14
"166","CRISPR","bortezomib","median.TOF","N2-ECA1133",0.000440705458660706
"167","CRISPR","bortezomib","median.TOF","ECA1135-ECA1134",3.45438180360258e-06
"168","CRISPR","bortezomib","median.TOF","ECA232-ECA1134",6.55697718343617e-13
"169","CRISPR","bortezomib","median.TOF","N2-ECA1134",0.0273647075061495
"170","CRISPR","bortezomib","median.TOF","ECA232-ECA1135",0.106059577716164
"171","CRISPR","bortezomib","median.TOF","N2-ECA1135",0.380870365227911
"172","CRISPR","bortezomib","median.TOF","N2-ECA232",5.36061068651117e-05
"173","CRISPR","carmustine","median.TOF","ECA1114-CB4856",0.997397208996649
"174","CRISPR","carmustine","median.TOF","ECA1132-CB4856",0.718279420287915
"175","CRISPR","carmustine","median.TOF","ECA1133-CB4856",0.99997045589523
"176","CRISPR","carmustine","median.TOF","ECA1134-CB4856",0.367055215645568
"177","CRISPR","carmustine","median.TOF","ECA1135-CB4856",0.99998317143804
"178","CRISPR","carmustine","median.TOF","ECA232-CB4856",0.577273337355615
"179","CRISPR","carmustine","median.TOF","N2-CB4856",0.999993958209807
"180","CRISPR","carmustine","median.TOF","ECA1132-ECA1114",0.268037825227375
"181","CRISPR","carmustine","median.TOF","ECA1133-ECA1114",0.999970190393443
"182","CRISPR","carmustine","median.TOF","ECA1134-ECA1114",0.794583771657869
"183","CRISPR","carmustine","median.TOF","ECA1135-ECA1114",0.972079867099619
"184","CRISPR","carmustine","median.TOF","ECA232-ECA1114",0.929050967505988
"185","CRISPR","carmustine","median.TOF","N2-ECA1114",0.999905012997935
"186","CRISPR","carmustine","median.TOF","ECA1133-ECA1132",0.457451906690813
"187","CRISPR","carmustine","median.TOF","ECA1134-ECA1132",0.00369517959026389
"188","CRISPR","carmustine","median.TOF","ECA1135-ECA1132",0.878342935416922
"189","CRISPR","carmustine","median.TOF","ECA232-ECA1132",0.0120943183297636
"190","CRISPR","carmustine","median.TOF","N2-ECA1132",0.519064010436355
"191","CRISPR","carmustine","median.TOF","ECA1134-ECA1133",0.562456978480614
"192","CRISPR","carmustine","median.TOF","ECA1135-ECA1133",0.997485524212379
"193","CRISPR","carmustine","median.TOF","ECA232-ECA1133",0.771942265495884
"194","CRISPR","carmustine","median.TOF","N2-ECA1133",0.999999999583781
"195","CRISPR","carmustine","median.TOF","ECA1135-ECA1134",0.189076900802984
"196","CRISPR","carmustine","median.TOF","ECA232-ECA1134",0.999989650215934
"197","CRISPR","carmustine","median.TOF","N2-ECA1134",0.530426863867959
"198","CRISPR","carmustine","median.TOF","ECA232-ECA1135",0.353953555561207
"199","CRISPR","carmustine","median.TOF","N2-ECA1135",0.998829633531899
"200","CRISPR","carmustine","median.TOF","N2-ECA232",0.74222066623913
"201","CRISPR","etoposide","median.TOF","ECA1114-CB4856",0.893998241806233
"202","CRISPR","etoposide","median.TOF","ECA1132-CB4856",6.84776884843918e-05
"203","CRISPR","etoposide","median.TOF","ECA1133-CB4856",0.986534297884164
"204","CRISPR","etoposide","median.TOF","ECA1134-CB4856",0.99986295586149
"205","CRISPR","etoposide","median.TOF","ECA1135-CB4856",2.84700962360773e-06
"206","CRISPR","etoposide","median.TOF","ECA232-CB4856",0.000843544954445385
"207","CRISPR","etoposide","median.TOF","N2-CB4856",0.00687984749437653
"208","CRISPR","etoposide","median.TOF","ECA1132-ECA1114",0.0131358538757218
"209","CRISPR","etoposide","median.TOF","ECA1133-ECA1114",0.999900411047963
"210","CRISPR","etoposide","median.TOF","ECA1134-ECA1114",0.987379216456645
"211","CRISPR","etoposide","median.TOF","ECA1135-ECA1114",0.00113291460214338
"212","CRISPR","etoposide","median.TOF","ECA232-ECA1114",0.0764911339280926
"213","CRISPR","etoposide","median.TOF","N2-ECA1114",0.264182008037163
"214","CRISPR","etoposide","median.TOF","ECA1133-ECA1132",0.00309728024187705
"215","CRISPR","etoposide","median.TOF","ECA1134-ECA1132",0.000424665412326553
"216","CRISPR","etoposide","median.TOF","ECA1135-ECA1132",0.997006820829996
"217","CRISPR","etoposide","median.TOF","ECA232-ECA1132",0.998755543363545
"218","CRISPR","etoposide","median.TOF","N2-ECA1132",0.952403275210824
"219","CRISPR","etoposide","median.TOF","ECA1134-ECA1133",0.999792331485081
"220","CRISPR","etoposide","median.TOF","ECA1135-ECA1133",0.000210384576025957
"221","CRISPR","etoposide","median.TOF","ECA232-ECA1133",0.0232089633297523
"222","CRISPR","etoposide","median.TOF","N2-ECA1133",0.106860648433082
"223","CRISPR","etoposide","median.TOF","ECA1135-ECA1134",2.14315699791356e-05
"224","CRISPR","etoposide","median.TOF","ECA232-ECA1134",0.00427989495747805
"225","CRISPR","etoposide","median.TOF","N2-ECA1134",0.0274775601615852
"226","CRISPR","etoposide","median.TOF","ECA232-ECA1135",0.896805869982372
"227","CRISPR","etoposide","median.TOF","N2-ECA1135",0.618500509807115
"228","CRISPR","etoposide","median.TOF","N2-ECA232",0.999558892464998
"229","CRISPR","amsacrine","median.TOF","ECA1114-CB4856",0.999966388196449
"230","CRISPR","amsacrine","median.TOF","ECA1132-CB4856",0.999885549345072
"231","CRISPR","amsacrine","median.TOF","ECA1133-CB4856",0.821699984422655
"232","CRISPR","amsacrine","median.TOF","ECA1134-CB4856",0.999814076952639
"233","CRISPR","amsacrine","median.TOF","ECA1135-CB4856",0.12739662322511
"234","CRISPR","amsacrine","median.TOF","ECA232-CB4856",0.0432269561187285
"235","CRISPR","amsacrine","median.TOF","N2-CB4856",0.994339316614521
"236","CRISPR","amsacrine","median.TOF","ECA1132-ECA1114",0.999999999232709
"237","CRISPR","amsacrine","median.TOF","ECA1133-ECA1114",0.577905117151499
"238","CRISPR","amsacrine","median.TOF","ECA1134-ECA1114",0.991903719121308
"239","CRISPR","amsacrine","median.TOF","ECA1135-ECA1114",0.0437545141597883
"240","CRISPR","amsacrine","median.TOF","ECA232-ECA1114",0.0114323590484343
"241","CRISPR","amsacrine","median.TOF","N2-ECA1114",0.946414113531292
"242","CRISPR","amsacrine","median.TOF","ECA1133-ECA1132",0.541424839152365
"243","CRISPR","amsacrine","median.TOF","ECA1134-ECA1132",0.987249087314718
"244","CRISPR","amsacrine","median.TOF","ECA1135-ECA1132",0.0391283247327866
"245","CRISPR","amsacrine","median.TOF","ECA232-ECA1132",0.010211804220202
"246","CRISPR","amsacrine","median.TOF","N2-ECA1132",0.930000733608709
"247","CRISPR","amsacrine","median.TOF","ECA1134-ECA1133",0.972198274566343
"248","CRISPR","amsacrine","median.TOF","ECA1135-ECA1133",0.90121130636688
"249","CRISPR","amsacrine","median.TOF","ECA232-ECA1133",0.7040463453511
"250","CRISPR","amsacrine","median.TOF","N2-ECA1133",0.997149668410352
"251","CRISPR","amsacrine","median.TOF","ECA1135-ECA1134",0.321752155531245
"252","CRISPR","amsacrine","median.TOF","ECA232-ECA1134",0.141665144625505
"253","CRISPR","amsacrine","median.TOF","N2-ECA1134",0.99998389209932
"254","CRISPR","amsacrine","median.TOF","ECA232-ECA1135",0.999973288993731
"255","CRISPR","amsacrine","median.TOF","N2-ECA1135",0.519795744064333
"256","CRISPR","amsacrine","median.TOF","N2-ECA232",0.27700657135822
"257","CRISPR","bleomycin","median.TOF","ECA1114-CB4856",0
"258","CRISPR","bleomycin","median.TOF","ECA1132-CB4856",0
"259","CRISPR","bleomycin","median.TOF","ECA1133-CB4856",0
"260","CRISPR","bleomycin","median.TOF","ECA1134-CB4856",0
"261","CRISPR","bleomycin","median.TOF","ECA1135-CB4856",0
"262","CRISPR","bleomycin","median.TOF","ECA232-CB4856",0.151391801550865
"263","CRISPR","bleomycin","median.TOF","N2-CB4856",1.3701866942939e-05
"264","CRISPR","bleomycin","median.TOF","ECA1132-ECA1114",0.692846986771588
"265","CRISPR","bleomycin","median.TOF","ECA1133-ECA1114",1
"266","CRISPR","bleomycin","median.TOF","ECA1134-ECA1114",0.68424000567685
"267","CRISPR","bleomycin","median.TOF","ECA1135-ECA1114",0.918279969228579
"268","CRISPR","bleomycin","median.TOF","ECA232-ECA1114",0
"269","CRISPR","bleomycin","median.TOF","N2-ECA1114",0
"270","CRISPR","bleomycin","median.TOF","ECA1133-ECA1132",0.71236266951226
"271","CRISPR","bleomycin","median.TOF","ECA1134-ECA1132",0.017177854831731
"272","CRISPR","bleomycin","median.TOF","ECA1135-ECA1132",0.99976174898748
"273","CRISPR","bleomycin","median.TOF","ECA232-ECA1132",0
"274","CRISPR","bleomycin","median.TOF","N2-ECA1132",0
"275","CRISPR","bleomycin","median.TOF","ECA1134-ECA1133",0.723771102332846
"276","CRISPR","bleomycin","median.TOF","ECA1135-ECA1133",0.924374687991946
"277","CRISPR","bleomycin","median.TOF","ECA232-ECA1133",0
"278","CRISPR","bleomycin","median.TOF","N2-ECA1133",0
"279","CRISPR","bleomycin","median.TOF","ECA1135-ECA1134",0.0620793675255018
"280","CRISPR","bleomycin","median.TOF","ECA232-ECA1134",0
"281","CRISPR","bleomycin","median.TOF","N2-ECA1134",0
"282","CRISPR","bleomycin","median.TOF","ECA232-ECA1135",0
"283","CRISPR","bleomycin","median.TOF","N2-ECA1135",0
"284","CRISPR","bleomycin","median.TOF","N2-ECA232",0.0275676784334803
"285","CRISPR","silver","median.TOF","ECA1114-CB4856",1.27646887948529e-07
"286","CRISPR","silver","median.TOF","ECA1132-CB4856",0.174217144441851
"287","CRISPR","silver","median.TOF","ECA1133-CB4856",0.919135486894718
"288","CRISPR","silver","median.TOF","ECA1134-CB4856",0.312277628100826
"289","CRISPR","silver","median.TOF","ECA1135-CB4856",0.85224297547082
"290","CRISPR","silver","median.TOF","ECA232-CB4856",0.999053180542034
"291","CRISPR","silver","median.TOF","N2-CB4856",0.999999519772234
"292","CRISPR","silver","median.TOF","ECA1132-ECA1114",0.000237346642935732
"293","CRISPR","silver","median.TOF","ECA1133-ECA1114",6.36456364833116e-07
"294","CRISPR","silver","median.TOF","ECA1134-ECA1114",7.61706267212725e-05
"295","CRISPR","silver","median.TOF","ECA1135-ECA1114",1.64684494219358e-06
"296","CRISPR","silver","median.TOF","ECA232-ECA1114",3.50213213984318e-09
"297","CRISPR","silver","median.TOF","N2-ECA1114",2.63600252736751e-11
"298","CRISPR","silver","median.TOF","ECA1133-ECA1132",0.772960881059137
"299","CRISPR","silver","median.TOF","ECA1134-ECA1132",0.99997349746156
"300","CRISPR","silver","median.TOF","ECA1135-ECA1132",0.877241248003391
"301","CRISPR","silver","median.TOF","ECA232-ECA1132",0.211749007982902
"302","CRISPR","silver","median.TOF","N2-ECA1132",0.0169731371190864
"303","CRISPR","silver","median.TOF","ECA1134-ECA1133",0.9262003612983
"304","CRISPR","silver","median.TOF","ECA1135-ECA1133",0.999999287547334
"305","CRISPR","silver","median.TOF","ECA232-ECA1133",0.991415970824483
"306","CRISPR","silver","median.TOF","N2-ECA1133",0.656310943448677
"307","CRISPR","silver","median.TOF","ECA1135-ECA1134",0.972474329899339
"308","CRISPR","silver","median.TOF","ECA232-ECA1134",0.412645471593016
"309","CRISPR","silver","median.TOF","N2-ECA1134",0.0525513847380782
"310","CRISPR","silver","median.TOF","ECA232-ECA1135",0.968410529615373
"311","CRISPR","silver","median.TOF","N2-ECA1135",0.515087633227456
"312","CRISPR","silver","median.TOF","N2-ECA232",0.979157857862789
"313","CRISPR","puromycin","median.TOF","ECA1114-CB4856",0.00233871935757435
"314","CRISPR","puromycin","median.TOF","ECA1132-CB4856",0.182011280316446
"315","CRISPR","puromycin","median.TOF","ECA1133-CB4856",0.994289559021004
"316","CRISPR","puromycin","median.TOF","ECA1134-CB4856",0.980755307902963
"317","CRISPR","puromycin","median.TOF","ECA1135-CB4856",0.382164399876995
"318","CRISPR","puromycin","median.TOF","ECA232-CB4856",0.999988988346635
"319","CRISPR","puromycin","median.TOF","N2-CB4856",0.863562149954366
"320","CRISPR","puromycin","median.TOF","ECA1132-ECA1114",0.614089227635295
"321","CRISPR","puromycin","median.TOF","ECA1133-ECA1114",0.0168554890445021
"322","CRISPR","puromycin","median.TOF","ECA1134-ECA1114",0.0086991558011712
"323","CRISPR","puromycin","median.TOF","ECA1135-ECA1114",0.31570607676738
"324","CRISPR","puromycin","median.TOF","ECA232-ECA1114",0.000434825412570672
"325","CRISPR","puromycin","median.TOF","N2-ECA1114",0.0423783065040891
"326","CRISPR","puromycin","median.TOF","ECA1133-ECA1132",0.5842121841803
"327","CRISPR","puromycin","median.TOF","ECA1134-ECA1132",0.54947003436324
"328","CRISPR","puromycin","median.TOF","ECA1135-ECA1132",0.999747814149391
"329","CRISPR","puromycin","median.TOF","ECA232-ECA1132",0.12540257815859
"330","CRISPR","puromycin","median.TOF","N2-ECA1132",0.864265951191414
"331","CRISPR","puromycin","median.TOF","ECA1134-ECA1133",0.999999970064344
"332","CRISPR","puromycin","median.TOF","ECA1135-ECA1133",0.842021683869784
"333","CRISPR","puromycin","median.TOF","ECA232-ECA1133",0.999082358019821
"334","CRISPR","puromycin","median.TOF","N2-ECA1133",0.9988603779622
"335","CRISPR","puromycin","median.TOF","ECA1135-ECA1134",0.838776374634251
"336","CRISPR","puromycin","median.TOF","ECA232-ECA1134",0.993857625630297
"337","CRISPR","puromycin","median.TOF","N2-ECA1134",0.999553196351996
"338","CRISPR","puromycin","median.TOF","ECA232-ECA1135",0.332091291509672
"339","CRISPR","puromycin","median.TOF","N2-ECA1135",0.984470535590626
"340","CRISPR","puromycin","median.TOF","N2-ECA232",0.895610293874212
"341","CRISPR","cisplatin","median.TOF","ECA1114-CB4856",3.01980662698043e-13
"342","CRISPR","cisplatin","median.TOF","ECA1132-CB4856",3.03341796126233e-10
"343","CRISPR","cisplatin","median.TOF","ECA1133-CB4856",0.0571087514008443
"344","CRISPR","cisplatin","median.TOF","ECA1134-CB4856",0.33920251335759
"345","CRISPR","cisplatin","median.TOF","ECA1135-CB4856",1.21261179808485e-06
"346","CRISPR","cisplatin","median.TOF","ECA232-CB4856",0.0010106840016072
"347","CRISPR","cisplatin","median.TOF","N2-CB4856",9.85049819490769e-11
"348","CRISPR","cisplatin","median.TOF","ECA1132-ECA1114",0.534894633774331
"349","CRISPR","cisplatin","median.TOF","ECA1133-ECA1114",4.03832606243881e-08
"350","CRISPR","cisplatin","median.TOF","ECA1134-ECA1114",1.91491267287347e-11
"351","CRISPR","cisplatin","median.TOF","ECA1135-ECA1114",0.00624145663495801
"352","CRISPR","cisplatin","median.TOF","ECA232-ECA1114",2.23010749955677e-06
"353","CRISPR","cisplatin","median.TOF","N2-ECA1114",0.808596093466266
"354","CRISPR","cisplatin","median.TOF","ECA1133-ECA1132",6.56684462059243e-05
"355","CRISPR","cisplatin","median.TOF","ECA1134-ECA1132",7.56259929124425e-08
"356","CRISPR","cisplatin","median.TOF","ECA1135-ECA1132",0.522918171692189
"357","CRISPR","cisplatin","median.TOF","ECA232-ECA1132",0.0029591473752596
"358","CRISPR","cisplatin","median.TOF","N2-ECA1132",0.999907880697384
"359","CRISPR","cisplatin","median.TOF","ECA1134-ECA1133",0.963074361396252
"360","CRISPR","cisplatin","median.TOF","ECA1135-ECA1133",0.0530055423343395
"361","CRISPR","cisplatin","median.TOF","ECA232-ECA1133",0.918843700893199
"362","CRISPR","cisplatin","median.TOF","N2-ECA1133",1.99197593636624e-05
"363","CRISPR","cisplatin","median.TOF","ECA1135-ECA1134",0.000628967071620856
"364","CRISPR","cisplatin","median.TOF","ECA232-ECA1134",0.222898588741418
"365","CRISPR","cisplatin","median.TOF","N2-ECA1134",2.17225553100775e-08
"366","CRISPR","cisplatin","median.TOF","ECA232-ECA1135",0.508040492439183
"367","CRISPR","cisplatin","median.TOF","N2-ECA1135",0.300909164021742
"368","CRISPR","cisplatin","median.TOF","N2-ECA232",0.000937282008715234
"369","CRISPR","bortezomib","median.EXT","ECA1114-CB4856",6.0553043024214e-08
"370","CRISPR","bortezomib","median.EXT","ECA1132-CB4856",0.0455108090836308
"371","CRISPR","bortezomib","median.EXT","ECA1133-CB4856",0.00903188607219862
"372","CRISPR","bortezomib","median.EXT","ECA1134-CB4856",0.995019382500536
"373","CRISPR","bortezomib","median.EXT","ECA1135-CB4856",0.018016756417351
"374","CRISPR","bortezomib","median.EXT","ECA232-CB4856",1.7430501486615e-13
"375","CRISPR","bortezomib","median.EXT","N2-CB4856",0.999999636864973
"376","CRISPR","bortezomib","median.EXT","ECA1132-ECA1114",1.84741111297626e-13
"377","CRISPR","bortezomib","median.EXT","ECA1133-ECA1114",1.82742709853301e-13
"378","CRISPR","bortezomib","median.EXT","ECA1134-ECA1114",1.35962295444436e-06
"379","CRISPR","bortezomib","median.EXT","ECA1135-ECA1114",1.81077375316363e-13
"380","CRISPR","bortezomib","median.EXT","ECA232-ECA1114",1.08357767203415e-13
"381","CRISPR","bortezomib","median.EXT","N2-ECA1114",7.10650102098143e-08
"382","CRISPR","bortezomib","median.EXT","ECA1133-ECA1132",0.999220336242133
"383","CRISPR","bortezomib","median.EXT","ECA1134-ECA1132",0.00294028511282551
"384","CRISPR","bortezomib","median.EXT","ECA1135-ECA1132",0.999985226287957
"385","CRISPR","bortezomib","median.EXT","ECA232-ECA1132",3.25456994687556e-10
"386","CRISPR","bortezomib","median.EXT","N2-ECA1132",0.0209953236388675
"387","CRISPR","bortezomib","median.EXT","ECA1134-ECA1133",0.000390939307782445
"388","CRISPR","bortezomib","median.EXT","ECA1135-ECA1133",0.99999633467167
"389","CRISPR","bortezomib","median.EXT","ECA232-ECA1133",1.21522930607298e-08
"390","CRISPR","bortezomib","median.EXT","N2-ECA1133",0.00354017625770287
"391","CRISPR","bortezomib","median.EXT","ECA1135-ECA1134",0.000886531498259457
"392","CRISPR","bortezomib","median.EXT","ECA232-ECA1134",1.34559030584569e-13
"393","CRISPR","bortezomib","median.EXT","N2-ECA1134",0.998999041669021
"394","CRISPR","bortezomib","median.EXT","ECA232-ECA1135",1.87394166850652e-09
"395","CRISPR","bortezomib","median.EXT","N2-ECA1135",0.00746485195774205
"396","CRISPR","bortezomib","median.EXT","N2-ECA232",1.65201186064223e-13
"397","CRISPR","carmustine","median.EXT","ECA1114-CB4856",0.909584870194811
"398","CRISPR","carmustine","median.EXT","ECA1132-CB4856",1.10800257857591e-13
"399","CRISPR","carmustine","median.EXT","ECA1133-CB4856",0.260397879747861
"400","CRISPR","carmustine","median.EXT","ECA1134-CB4856",0.421832584975752
"401","CRISPR","carmustine","median.EXT","ECA1135-CB4856",2.01949568179316e-13
"402","CRISPR","carmustine","median.EXT","ECA232-CB4856",0.230799560266638
"403","CRISPR","carmustine","median.EXT","N2-CB4856",1.6779438525294e-06
"404","CRISPR","carmustine","median.EXT","ECA1132-ECA1114",1.4388490399142e-13
"405","CRISPR","carmustine","median.EXT","ECA1133-ECA1114",0.957264419527318
"406","CRISPR","carmustine","median.EXT","ECA1134-ECA1114",0.991210708116668
"407","CRISPR","carmustine","median.EXT","ECA1135-ECA1114",3.10336201181372e-11
"408","CRISPR","carmustine","median.EXT","ECA232-ECA1114",0.939226771526783
"409","CRISPR","carmustine","median.EXT","N2-ECA1114",0.000482351028873729
"410","CRISPR","carmustine","median.EXT","ECA1133-ECA1132",1.80411241501588e-13
"411","CRISPR","carmustine","median.EXT","ECA1134-ECA1132",1.7696955012525e-13
"412","CRISPR","carmustine","median.EXT","ECA1135-ECA1132",0.0210499116783835
"413","CRISPR","carmustine","median.EXT","ECA232-ECA1132",1.86406445834564e-13
"414","CRISPR","carmustine","median.EXT","N2-ECA1132",8.51184145389539e-09
"415","CRISPR","carmustine","median.EXT","ECA1134-ECA1133",0.999996336822175
"416","CRISPR","carmustine","median.EXT","ECA1135-ECA1133",8.2055622296906e-09
"417","CRISPR","carmustine","median.EXT","ECA232-ECA1133",0.999999997501094
"418","CRISPR","carmustine","median.EXT","N2-ECA1133",0.0206065306817225
"419","CRISPR","carmustine","median.EXT","ECA1135-ECA1134",3.17887050016452e-09
"420","CRISPR","carmustine","median.EXT","ECA232-ECA1134",0.99997331920204
"421","CRISPR","carmustine","median.EXT","N2-ECA1134",0.0103371566091717
"422","CRISPR","carmustine","median.EXT","ECA232-ECA1135",1.97950051905593e-08
"423","CRISPR","carmustine","median.EXT","N2-ECA1135",0.0247545811564651
"424","CRISPR","carmustine","median.EXT","N2-ECA232",0.0303663055360633
"425","CRISPR","etoposide","median.EXT","ECA1114-CB4856",0.00624233664666984
"426","CRISPR","etoposide","median.EXT","ECA1132-CB4856",0.0972126275676403
"427","CRISPR","etoposide","median.EXT","ECA1133-CB4856",0.999975759759836
"428","CRISPR","etoposide","median.EXT","ECA1134-CB4856",0.118852952255403
"429","CRISPR","etoposide","median.EXT","ECA1135-CB4856",0.999999999249504
"430","CRISPR","etoposide","median.EXT","ECA232-CB4856",0.864576921856693
"431","CRISPR","etoposide","median.EXT","N2-CB4856",0.485726651542032
"432","CRISPR","etoposide","median.EXT","ECA1132-ECA1114",0.980714882863566
"433","CRISPR","etoposide","median.EXT","ECA1133-ECA1114",0.0187391604115061
"434","CRISPR","etoposide","median.EXT","ECA1134-ECA1114",0.969406733909231
"435","CRISPR","etoposide","median.EXT","ECA1135-ECA1114",0.0080611605878036
"436","CRISPR","etoposide","median.EXT","ECA232-ECA1114",2.14940144466214e-05
"437","CRISPR","etoposide","median.EXT","N2-ECA1114",0.620018762780634
"438","CRISPR","etoposide","median.EXT","ECA1133-ECA1132",0.209875824004122
"439","CRISPR","etoposide","median.EXT","ECA1134-ECA1132",0.999999998649557
"440","CRISPR","etoposide","median.EXT","ECA1135-ECA1132",0.116979219452539
"441","CRISPR","etoposide","median.EXT","ECA232-ECA1132",0.000986216660324279
"442","CRISPR","etoposide","median.EXT","N2-ECA1132",0.989528471923005
"443","CRISPR","etoposide","median.EXT","ECA1134-ECA1133",0.247579653749797
"444","CRISPR","etoposide","median.EXT","ECA1135-ECA1133",0.999995761048674
"445","CRISPR","etoposide","median.EXT","ECA232-ECA1133",0.673347798166615
"446","CRISPR","etoposide","median.EXT","N2-ECA1133",0.713467587620475
"447","CRISPR","etoposide","median.EXT","ECA1135-ECA1134",0.141920407434655
"448","CRISPR","etoposide","median.EXT","ECA232-ECA1134",0.00135865320616413
"449","CRISPR","etoposide","median.EXT","N2-ECA1134",0.994357968424868
"450","CRISPR","etoposide","median.EXT","ECA232-ECA1135",0.828517058025709
"451","CRISPR","etoposide","median.EXT","N2-ECA1135",0.537381847549481
"452","CRISPR","etoposide","median.EXT","N2-ECA232",0.0176429377869527
"453","CRISPR","amsacrine","median.EXT","ECA1114-CB4856",2.14752254867889e-08
"454","CRISPR","amsacrine","median.EXT","ECA1132-CB4856",8.54871728961371e-14
"455","CRISPR","amsacrine","median.EXT","ECA1133-CB4856",0.0473253202067009
"456","CRISPR","amsacrine","median.EXT","ECA1134-CB4856",0.000176786293328624
"457","CRISPR","amsacrine","median.EXT","ECA1135-CB4856",1.32005517627931e-12
"458","CRISPR","amsacrine","median.EXT","ECA232-CB4856",0.0921039378023489
"459","CRISPR","amsacrine","median.EXT","N2-CB4856",5.33351141029925e-13
"460","CRISPR","amsacrine","median.EXT","ECA1132-ECA1114",0.00757651898506162
"461","CRISPR","amsacrine","median.EXT","ECA1133-ECA1114",0.0228823829423326
"462","CRISPR","amsacrine","median.EXT","ECA1134-ECA1114",0.630162860921148
"463","CRISPR","amsacrine","median.EXT","ECA1135-ECA1114",0.613389750236256
"464","CRISPR","amsacrine","median.EXT","ECA232-ECA1114",0.00793644022280338
"465","CRISPR","amsacrine","median.EXT","N2-ECA1114",0.604448541573744
"466","CRISPR","amsacrine","median.EXT","ECA1133-ECA1132",2.77745937360407e-09
"467","CRISPR","amsacrine","median.EXT","ECA1134-ECA1132",6.61216337294324e-06
"468","CRISPR","amsacrine","median.EXT","ECA1135-ECA1132",0.590599854378382
"469","CRISPR","amsacrine","median.EXT","ECA232-ECA1132",3.73247432960966e-10
"470","CRISPR","amsacrine","median.EXT","N2-ECA1132",0.540440641947795
"471","CRISPR","amsacrine","median.EXT","ECA1134-ECA1133",0.788384304607567
"472","CRISPR","amsacrine","median.EXT","ECA1135-ECA1133",2.76058202935969e-05
"473","CRISPR","amsacrine","median.EXT","ECA232-ECA1133",0.999992778977524
"474","CRISPR","amsacrine","median.EXT","N2-ECA1133",1.84179729086908e-05
"475","CRISPR","amsacrine","median.EXT","ECA1135-ECA1134",0.0114774018519207
"476","CRISPR","amsacrine","median.EXT","ECA232-ECA1134",0.598335954474543
"477","CRISPR","amsacrine","median.EXT","N2-ECA1134",0.0096091821676807
"478","CRISPR","amsacrine","median.EXT","ECA232-ECA1135",5.69892227697544e-06
"479","CRISPR","amsacrine","median.EXT","N2-ECA1135",0.999999999998848
"480","CRISPR","amsacrine","median.EXT","N2-ECA232",3.54414160319561e-06
"481","CRISPR","bleomycin","median.EXT","ECA1114-CB4856",1.65090163761761e-13
"482","CRISPR","bleomycin","median.EXT","ECA1132-CB4856",1.31006316905768e-14
"483","CRISPR","bleomycin","median.EXT","ECA1133-CB4856",3.21482703347087e-07
"484","CRISPR","bleomycin","median.EXT","ECA1134-CB4856",2.16715534406831e-13
"485","CRISPR","bleomycin","median.EXT","ECA1135-CB4856",1.26565424807268e-14
"486","CRISPR","bleomycin","median.EXT","ECA232-CB4856",1.29972343998475e-09
"487","CRISPR","bleomycin","median.EXT","N2-CB4856",0.00761356981257133
"488","CRISPR","bleomycin","median.EXT","ECA1132-ECA1114",1.59823673144821e-05
"489","CRISPR","bleomycin","median.EXT","ECA1133-ECA1114",0.0327354859902843
"490","CRISPR","bleomycin","median.EXT","ECA1134-ECA1114",0.99999958647717
"491","CRISPR","bleomycin","median.EXT","ECA1135-ECA1114",1.49332915966305e-06
"492","CRISPR","bleomycin","median.EXT","ECA232-ECA1114",0.39772902610014
"493","CRISPR","bleomycin","median.EXT","N2-ECA1114",7.28455955556484e-08
"494","CRISPR","bleomycin","median.EXT","ECA1133-ECA1132",2.47546427800671e-12
"495","CRISPR","bleomycin","median.EXT","ECA1134-ECA1132",5.21487638471818e-06
"496","CRISPR","bleomycin","median.EXT","ECA1135-ECA1132",0.999854525353622
"497","CRISPR","bleomycin","median.EXT","ECA232-ECA1132",4.33292068890978e-10
"498","CRISPR","bleomycin","median.EXT","N2-ECA1132",3.50830475781549e-14
"499","CRISPR","bleomycin","median.EXT","ECA1134-ECA1133",0.04940946696924
"500","CRISPR","bleomycin","median.EXT","ECA1135-ECA1133",2.03392858111329e-13
"501","CRISPR","bleomycin","median.EXT","ECA232-ECA1133",0.944938293093668
"502","CRISPR","bleomycin","median.EXT","N2-ECA1133",0.0671712106616951
"503","CRISPR","bleomycin","median.EXT","ECA1135-ECA1134",4.34408632288275e-07
"504","CRISPR","bleomycin","median.EXT","ECA232-ECA1134",0.502397933817631
"505","CRISPR","bleomycin","median.EXT","N2-ECA1134",1.25933679262502e-07
"506","CRISPR","bleomycin","median.EXT","ECA232-ECA1135",2.27503571537113e-11
"507","CRISPR","bleomycin","median.EXT","N2-ECA1135",1.99840144432528e-14
"508","CRISPR","bleomycin","median.EXT","N2-ECA232",0.00107673169664524
"509","CRISPR","silver","median.EXT","ECA1114-CB4856",1.06460174009726e-10
"510","CRISPR","silver","median.EXT","ECA1132-CB4856",0.997528283772699
"511","CRISPR","silver","median.EXT","ECA1133-CB4856",0.999466502930115
"512","CRISPR","silver","median.EXT","ECA1134-CB4856",0.993690352968086
"513","CRISPR","silver","median.EXT","ECA1135-CB4856",0.958331385226385
"514","CRISPR","silver","median.EXT","ECA232-CB4856",0.0985972292095066
"515","CRISPR","silver","median.EXT","N2-CB4856",0.999997268569628
"516","CRISPR","silver","median.EXT","ECA1132-ECA1114",8.35997937542743e-13
"517","CRISPR","silver","median.EXT","ECA1133-ECA1114",3.6427527660976e-12
"518","CRISPR","silver","median.EXT","ECA1134-ECA1114",1.63413726994577e-12
"519","CRISPR","silver","median.EXT","ECA1135-ECA1114",3.56275009494311e-11
"520","CRISPR","silver","median.EXT","ECA232-ECA1114",3.41071483167532e-07
"521","CRISPR","silver","median.EXT","N2-ECA1114",1.29896093881143e-13
"522","CRISPR","silver","median.EXT","ECA1133-ECA1132",0.999999929256049
"523","CRISPR","silver","median.EXT","ECA1134-ECA1132",0.999999952246532
"524","CRISPR","silver","median.EXT","ECA1135-ECA1132",0.999516720311818
"525","CRISPR","silver","median.EXT","ECA232-ECA1132",0.139283229142611
"526","CRISPR","silver","median.EXT","N2-ECA1132",0.999443916055639
"527","CRISPR","silver","median.EXT","ECA1134-ECA1133",0.999994063469094
"528","CRISPR","silver","median.EXT","ECA1135-ECA1133",0.998261492820175
"529","CRISPR","silver","median.EXT","ECA232-ECA1133",0.139864525062417
"530","CRISPR","silver","median.EXT","N2-ECA1133",0.999959621079511
"531","CRISPR","silver","median.EXT","ECA1135-ECA1134",0.999931833192303
"532","CRISPR","silver","median.EXT","ECA232-ECA1134",0.18911090426402
"533","CRISPR","silver","median.EXT","N2-ECA1134",0.997587654463521
"534","CRISPR","silver","median.EXT","ECA232-ECA1135",0.43596515372019
"535","CRISPR","silver","median.EXT","N2-ECA1135",0.966350881252078
"536","CRISPR","silver","median.EXT","N2-ECA232",0.033663042270795
"537","CRISPR","puromycin","median.EXT","ECA1114-CB4856",0.00162031979717647
"538","CRISPR","puromycin","median.EXT","ECA1132-CB4856",0.491499607639826
"539","CRISPR","puromycin","median.EXT","ECA1133-CB4856",0.996942873259571
"540","CRISPR","puromycin","median.EXT","ECA1134-CB4856",0.997782899628898
"541","CRISPR","puromycin","median.EXT","ECA1135-CB4856",0.0133163840812726
"542","CRISPR","puromycin","median.EXT","ECA232-CB4856",0.972967138133506
"543","CRISPR","puromycin","median.EXT","N2-CB4856",0.999434332310434
"544","CRISPR","puromycin","median.EXT","ECA1132-ECA1114",0.123557244021993
"545","CRISPR","puromycin","median.EXT","ECA1133-ECA1114",0.00457527333727437
"546","CRISPR","puromycin","median.EXT","ECA1134-ECA1114",0.00143038777303695
"547","CRISPR","puromycin","median.EXT","ECA1135-ECA1114",0.989522546599981
"548","CRISPR","puromycin","median.EXT","ECA232-ECA1114",0.00421539078482747
"549","CRISPR","puromycin","median.EXT","N2-ECA1114",0.000640667065263112
"550","CRISPR","puromycin","median.EXT","ECA1133-ECA1132",0.847760634753672
"551","CRISPR","puromycin","median.EXT","ECA1134-ECA1132",0.750870287857974
"552","CRISPR","puromycin","median.EXT","ECA1135-ECA1132",0.524762022167625
"553","CRISPR","puromycin","median.EXT","ECA232-ECA1132",0.92370070349009
"554","CRISPR","puromycin","median.EXT","N2-ECA1132",0.631083077151104
"555","CRISPR","puromycin","median.EXT","ECA1134-ECA1133",0.999999999297684
"556","CRISPR","puromycin","median.EXT","ECA1135-ECA1133",0.0400782984365907
"557","CRISPR","puromycin","median.EXT","ECA232-ECA1133",0.999988796603353
"558","CRISPR","puromycin","median.EXT","N2-ECA1133",0.999998452931046
"559","CRISPR","puromycin","median.EXT","ECA1135-ECA1134",0.0164891318298556
"560","CRISPR","puromycin","median.EXT","ECA232-ECA1134",0.999918113955509
"561","CRISPR","puromycin","median.EXT","N2-ECA1134",0.999999858050449
"562","CRISPR","puromycin","median.EXT","ECA232-ECA1135",0.043328119950466
"563","CRISPR","puromycin","median.EXT","N2-ECA1135",0.00832515619331942
"564","CRISPR","puromycin","median.EXT","N2-ECA232",0.999154197566311
"565","CRISPR","cisplatin","median.EXT","ECA1114-CB4856",1.97619698383278e-14
"566","CRISPR","cisplatin","median.EXT","ECA1132-CB4856",1.06581410364015e-14
"567","CRISPR","cisplatin","median.EXT","ECA1133-CB4856",5.67512703497641e-12
"568","CRISPR","cisplatin","median.EXT","ECA1134-CB4856",8.93729534823251e-14
"569","CRISPR","cisplatin","median.EXT","ECA1135-CB4856",1.06581410364015e-14
"570","CRISPR","cisplatin","median.EXT","ECA232-CB4856",8.14903700074865e-14
"571","CRISPR","cisplatin","median.EXT","N2-CB4856",5.72875080706581e-14
"572","CRISPR","cisplatin","median.EXT","ECA1132-ECA1114",0.399953520432864
"573","CRISPR","cisplatin","median.EXT","ECA1133-ECA1114",0.000705931092798595
"574","CRISPR","cisplatin","median.EXT","ECA1134-ECA1114",0.0152093206092965
"575","CRISPR","cisplatin","median.EXT","ECA1135-ECA1114",0.520787275454306
"576","CRISPR","cisplatin","median.EXT","ECA232-ECA1114",0.093676708025469
"577","CRISPR","cisplatin","median.EXT","N2-ECA1114",0.657128599532705
"578","CRISPR","cisplatin","median.EXT","ECA1133-ECA1132",1.04651937116174e-08
"579","CRISPR","cisplatin","median.EXT","ECA1134-ECA1132",4.71309043792445e-07
"580","CRISPR","cisplatin","median.EXT","ECA1135-ECA1132",0.999999748471261
"581","CRISPR","cisplatin","median.EXT","ECA232-ECA1132",1.00504867339701e-05
"582","CRISPR","cisplatin","median.EXT","N2-ECA1132",0.0015339468928498
"583","CRISPR","cisplatin","median.EXT","ECA1134-ECA1133",0.956143370064477
"584","CRISPR","cisplatin","median.EXT","ECA1135-ECA1133",3.45281397917674e-08
"585","CRISPR","cisplatin","median.EXT","ECA232-ECA1133",0.630959888423057
"586","CRISPR","cisplatin","median.EXT","N2-ECA1133",0.0960183725935616
"587","CRISPR","cisplatin","median.EXT","ECA1135-ECA1134",1.51265640269127e-06
"588","CRISPR","cisplatin","median.EXT","ECA232-ECA1134",0.996369214461541
"589","CRISPR","cisplatin","median.EXT","N2-ECA1134",0.596048611913223
"590","CRISPR","cisplatin","median.EXT","ECA232-ECA1135",2.92051862541554e-05
"591","CRISPR","cisplatin","median.EXT","N2-ECA1135",0.00344080104058675
"592","CRISPR","cisplatin","median.EXT","N2-ECA232",0.946097779547656
"593","CRISPR","bortezomib","median.norm.EXT","ECA1114-CB4856",5.21508864408382e-05
"594","CRISPR","bortezomib","median.norm.EXT","ECA1132-CB4856",0.701824562389859
"595","CRISPR","bortezomib","median.norm.EXT","ECA1133-CB4856",0.150937598059456
"596","CRISPR","bortezomib","median.norm.EXT","ECA1134-CB4856",0.999979312344057
"597","CRISPR","bortezomib","median.norm.EXT","ECA1135-CB4856",0.997875881095874
"598","CRISPR","bortezomib","median.norm.EXT","ECA232-CB4856",2.87113210983847e-09
"599","CRISPR","bortezomib","median.norm.EXT","N2-CB4856",0.0316219567056912
"600","CRISPR","bortezomib","median.norm.EXT","ECA1132-ECA1114",1.06702242597123e-08
"601","CRISPR","bortezomib","median.norm.EXT","ECA1133-ECA1114",5.47126788319474e-11
"602","CRISPR","bortezomib","median.norm.EXT","ECA1134-ECA1114",6.92992407480553e-06
"603","CRISPR","bortezomib","median.norm.EXT","ECA1135-ECA1114",1.883554757387e-06
"604","CRISPR","bortezomib","median.norm.EXT","ECA232-ECA1114",2.48689957516035e-14
"605","CRISPR","bortezomib","median.norm.EXT","N2-ECA1114",0.638885382434975
"606","CRISPR","bortezomib","median.norm.EXT","ECA1133-ECA1132",0.977867385540614
"607","CRISPR","bortezomib","median.norm.EXT","ECA1134-ECA1132",0.86283122556625
"608","CRISPR","bortezomib","median.norm.EXT","ECA1135-ECA1132",0.969067801805482
"609","CRISPR","bortezomib","median.norm.EXT","ECA232-ECA1132",9.00750857257826e-06
"610","CRISPR","bortezomib","median.norm.EXT","N2-ECA1132",4.67520553359968e-05
"611","CRISPR","bortezomib","median.norm.EXT","ECA1134-ECA1133",0.264921485483391
"612","CRISPR","bortezomib","median.norm.EXT","ECA1135-ECA1133",0.484107877721835
"613","CRISPR","bortezomib","median.norm.EXT","ECA232-ECA1133",0.000572635370597152
"614","CRISPR","bortezomib","median.norm.EXT","N2-ECA1133",4.85874147471144e-07
"615","CRISPR","bortezomib","median.norm.EXT","ECA1135-ECA1134",0.999972548506096
"616","CRISPR","bortezomib","median.norm.EXT","ECA232-ECA1134",6.99734803433216e-09
"617","CRISPR","bortezomib","median.norm.EXT","N2-ECA1134",0.00858364698542879
"618","CRISPR","bortezomib","median.norm.EXT","ECA232-ECA1135",6.04043550733735e-08
"619","CRISPR","bortezomib","median.norm.EXT","N2-ECA1135",0.00302630457054676
"620","CRISPR","bortezomib","median.norm.EXT","N2-ECA232",8.75965966429249e-14
"621","CRISPR","carmustine","median.norm.EXT","ECA1114-CB4856",2.65721049275136e-07
"622","CRISPR","carmustine","median.norm.EXT","ECA1132-CB4856",0
"623","CRISPR","carmustine","median.norm.EXT","ECA1133-CB4856",1.08723141600819e-10
"624","CRISPR","carmustine","median.norm.EXT","ECA1134-CB4856",0.527579937179214
"625","CRISPR","carmustine","median.norm.EXT","ECA1135-CB4856",0
"626","CRISPR","carmustine","median.norm.EXT","ECA232-CB4856",0
"627","CRISPR","carmustine","median.norm.EXT","N2-CB4856",0
"628","CRISPR","carmustine","median.norm.EXT","ECA1132-ECA1114",0
"629","CRISPR","carmustine","median.norm.EXT","ECA1133-ECA1114",0.832580245085305
"630","CRISPR","carmustine","median.norm.EXT","ECA1134-ECA1114",0.00119393139978918
"631","CRISPR","carmustine","median.norm.EXT","ECA1135-ECA1114",1.97841742988203e-13
"632","CRISPR","carmustine","median.norm.EXT","ECA232-ECA1114",2.77667224626299e-05
"633","CRISPR","carmustine","median.norm.EXT","N2-ECA1114",0.000239198318535361
"634","CRISPR","carmustine","median.norm.EXT","ECA1133-ECA1132",1.67784675042526e-11
"635","CRISPR","carmustine","median.norm.EXT","ECA1134-ECA1132",0
"636","CRISPR","carmustine","median.norm.EXT","ECA1135-ECA1132",0.995145329669937
"637","CRISPR","carmustine","median.norm.EXT","ECA232-ECA1132",0.00134026677173493
"638","CRISPR","carmustine","median.norm.EXT","N2-ECA1132",0.000177171895124784
"639","CRISPR","carmustine","median.norm.EXT","ECA1134-ECA1133",1.93619950239476e-06
"640","CRISPR","carmustine","median.norm.EXT","ECA1135-ECA1133",1.12302556143362e-09
"641","CRISPR","carmustine","median.norm.EXT","ECA232-ECA1133",0.00883919210240713
"642","CRISPR","carmustine","median.norm.EXT","N2-ECA1133",0.0417477113970259
"643","CRISPR","carmustine","median.norm.EXT","ECA1135-ECA1134",0
"644","CRISPR","carmustine","median.norm.EXT","ECA232-ECA1134",0
"645","CRISPR","carmustine","median.norm.EXT","N2-ECA1134",3.77475828372553e-15
"646","CRISPR","carmustine","median.norm.EXT","ECA232-ECA1135",0.0181947891857857
"647","CRISPR","carmustine","median.norm.EXT","N2-ECA1135",0.00329910883304119
"648","CRISPR","carmustine","median.norm.EXT","N2-ECA232",0.999665187549925
"649","CRISPR","etoposide","median.norm.EXT","ECA1114-CB4856",0.00536192899038201
"650","CRISPR","etoposide","median.norm.EXT","ECA1132-CB4856",9.55625432119689e-08
"651","CRISPR","etoposide","median.norm.EXT","ECA1133-CB4856",0.244844117613368
"652","CRISPR","etoposide","median.norm.EXT","ECA1134-CB4856",0.981601976523816
"653","CRISPR","etoposide","median.norm.EXT","ECA1135-CB4856",4.53174584746918e-07
"654","CRISPR","etoposide","median.norm.EXT","ECA232-CB4856",0.000523777759873889
"655","CRISPR","etoposide","median.norm.EXT","N2-CB4856",3.63262841851508e-06
"656","CRISPR","etoposide","median.norm.EXT","ECA1132-ECA1114",0.223360397847347
"657","CRISPR","etoposide","median.norm.EXT","ECA1133-ECA1114",0.856007898672497
"658","CRISPR","etoposide","median.norm.EXT","ECA1134-ECA1114",0.0902917897761617
"659","CRISPR","etoposide","median.norm.EXT","ECA1135-ECA1114",0.417793205592831
"660","CRISPR","etoposide","median.norm.EXT","ECA232-ECA1114",0.999543353095639
"661","CRISPR","etoposide","median.norm.EXT","N2-ECA1114",0.669617660564087
"662","CRISPR","etoposide","median.norm.EXT","ECA1133-ECA1132",0.0036899990003777
"663","CRISPR","etoposide","median.norm.EXT","ECA1134-ECA1132",8.98079145683628e-06
"664","CRISPR","etoposide","median.norm.EXT","ECA1135-ECA1132",0.999943268273636
"665","CRISPR","etoposide","median.norm.EXT","ECA232-ECA1132",0.490909389804048
"666","CRISPR","etoposide","median.norm.EXT","N2-ECA1132",0.996072735125608
"667","CRISPR","etoposide","median.norm.EXT","ECA1134-ECA1133",0.823205725488337
"668","CRISPR","etoposide","median.norm.EXT","ECA1135-ECA1133",0.0117933319889467
"669","CRISPR","etoposide","median.norm.EXT","ECA232-ECA1133",0.511659801596356
"670","CRISPR","etoposide","median.norm.EXT","N2-ECA1133",0.040281302633981
"671","CRISPR","etoposide","median.norm.EXT","ECA1135-ECA1134",3.83171997797582e-05
"672","CRISPR","etoposide","median.norm.EXT","ECA232-ECA1134",0.0163384038040872
"673","CRISPR","etoposide","median.norm.EXT","N2-ECA1134",0.000229709044354487
"674","CRISPR","etoposide","median.norm.EXT","ECA232-ECA1135",0.733541599376121
"675","CRISPR","etoposide","median.norm.EXT","N2-ECA1135",0.999965136393444
"676","CRISPR","etoposide","median.norm.EXT","N2-ECA232",0.916130694230647
"677","CRISPR","amsacrine","median.norm.EXT","ECA1114-CB4856",2.21926810262119e-10
"678","CRISPR","amsacrine","median.norm.EXT","ECA1132-CB4856",0
"679","CRISPR","amsacrine","median.norm.EXT","ECA1133-CB4856",0.000154611423917927
"680","CRISPR","amsacrine","median.norm.EXT","ECA1134-CB4856",0.056673166619935
"681","CRISPR","amsacrine","median.norm.EXT","ECA1135-CB4856",0
"682","CRISPR","amsacrine","median.norm.EXT","ECA232-CB4856",5.26434451586510e-12
"683","CRISPR","amsacrine","median.norm.EXT","N2-CB4856",0
"684","CRISPR","amsacrine","median.norm.EXT","ECA1132-ECA1114",0.099781927556877
"685","CRISPR","amsacrine","median.norm.EXT","ECA1133-ECA1114",0.163578739245456
"686","CRISPR","amsacrine","median.norm.EXT","ECA1134-ECA1114",0.000625240245866077
"687","CRISPR","amsacrine","median.norm.EXT","ECA1135-ECA1114",0.0490491135650781
"688","CRISPR","amsacrine","median.norm.EXT","ECA232-ECA1114",0.995709190462463
"689","CRISPR","amsacrine","median.norm.EXT","N2-ECA1114",0.689602148275797
"690","CRISPR","amsacrine","median.norm.EXT","ECA1133-ECA1132",8.15200817960715e-06
"691","CRISPR","amsacrine","median.norm.EXT","ECA1134-ECA1132",9.83164549772653e-10
"692","CRISPR","amsacrine","median.norm.EXT","ECA1135-ECA1132",0.999995268137085
"693","CRISPR","amsacrine","median.norm.EXT","ECA232-ECA1132",0.452925475682612
"694","CRISPR","amsacrine","median.norm.EXT","N2-ECA1132",0.955962080351482
"695","CRISPR","amsacrine","median.norm.EXT","ECA1134-ECA1133",0.688842266217566
"696","CRISPR","amsacrine","median.norm.EXT","ECA1135-ECA1133",2.31618539092704e-06
"697","CRISPR","amsacrine","median.norm.EXT","ECA232-ECA1133",0.0256629900017312
"698","CRISPR","amsacrine","median.norm.EXT","N2-ECA1133",0.000932207541525676
"699","CRISPR","amsacrine","median.norm.EXT","ECA1135-ECA1134",2.20405138584567e-10
"700","CRISPR","amsacrine","median.norm.EXT","ECA232-ECA1134",3.40617483669536e-05
"701","CRISPR","amsacrine","median.norm.EXT","N2-ECA1134",3.53936619679196e-07
"702","CRISPR","amsacrine","median.norm.EXT","ECA232-ECA1135",0.292737368283038
"703","CRISPR","amsacrine","median.norm.EXT","N2-ECA1135",0.871487926492556
"704","CRISPR","amsacrine","median.norm.EXT","N2-ECA232",0.980687588753302
"705","CRISPR","bleomycin","median.norm.EXT","ECA1114-CB4856",7.97140131680862e-14
"706","CRISPR","bleomycin","median.norm.EXT","ECA1132-CB4856",2.64708255315327e-11
"707","CRISPR","bleomycin","median.norm.EXT","ECA1133-CB4856",9.34316676559632e-06
"708","CRISPR","bleomycin","median.norm.EXT","ECA1134-CB4856",1.77917800492366e-08
"709","CRISPR","bleomycin","median.norm.EXT","ECA1135-CB4856",4.45331338427835e-06
"710","CRISPR","bleomycin","median.norm.EXT","ECA232-CB4856",0.0279235680809024
"711","CRISPR","bleomycin","median.norm.EXT","N2-CB4856",0.438482578503632
"712","CRISPR","bleomycin","median.norm.EXT","ECA1132-ECA1114",0.0478633873270772
"713","CRISPR","bleomycin","median.norm.EXT","ECA1133-ECA1114",6.68412188153944e-07
"714","CRISPR","bleomycin","median.norm.EXT","ECA1134-ECA1114",8.5315213802728e-05
"715","CRISPR","bleomycin","median.norm.EXT","ECA1135-ECA1114",2.18151039788061e-07
"716","CRISPR","bleomycin","median.norm.EXT","ECA232-ECA1114",1.00142116821189e-13
"717","CRISPR","bleomycin","median.norm.EXT","N2-ECA1114",7.54951656745106e-14
"718","CRISPR","bleomycin","median.norm.EXT","ECA1133-ECA1132",0.0783153183477445
"719","CRISPR","bleomycin","median.norm.EXT","ECA1134-ECA1132",0.696958221469869
"720","CRISPR","bleomycin","median.norm.EXT","ECA1135-ECA1132",0.0597878361256706
"721","CRISPR","bleomycin","median.norm.EXT","ECA232-ECA1132",4.27588699225545e-07
"722","CRISPR","bleomycin","median.norm.EXT","N2-ECA1132",2.66942468130082e-10
"723","CRISPR","bleomycin","median.norm.EXT","ECA1134-ECA1133",0.880845388697315
"724","CRISPR","bleomycin","median.norm.EXT","ECA1135-ECA1133",1
"725","CRISPR","bleomycin","median.norm.EXT","ECA232-ECA1133",0.0988157499138078
"726","CRISPR","bleomycin","median.norm.EXT","N2-ECA1133",0.00104292033220155
"727","CRISPR","bleomycin","median.norm.EXT","ECA1135-ECA1134",0.864487963535903
"728","CRISPR","bleomycin","median.norm.EXT","ECA232-ECA1134",0.00051336372425026
"729","CRISPR","bleomycin","median.norm.EXT","N2-ECA1134",7.26657479188653e-07
"730","CRISPR","bleomycin","median.norm.EXT","ECA232-ECA1135",0.0675094592965594
"731","CRISPR","bleomycin","median.norm.EXT","N2-ECA1135",0.000461729689005819
"732","CRISPR","bleomycin","median.norm.EXT","N2-ECA232",0.779801066840798
"733","CRISPR","silver","median.norm.EXT","ECA1114-CB4856",1.48547840694846e-13
"734","CRISPR","silver","median.norm.EXT","ECA1132-CB4856",0.775021869624918
"735","CRISPR","silver","median.norm.EXT","ECA1133-CB4856",0.258341048986935
"736","CRISPR","silver","median.norm.EXT","ECA1134-CB4856",0.0290742007078679
"737","CRISPR","silver","median.norm.EXT","ECA1135-CB4856",0.0548318169372507
"738","CRISPR","silver","median.norm.EXT","ECA232-CB4856",0.00670827223488157
"739","CRISPR","silver","median.norm.EXT","N2-CB4856",0.999966845307459
"740","CRISPR","silver","median.norm.EXT","ECA1132-ECA1114",1.35114142096882e-13
"741","CRISPR","silver","median.norm.EXT","ECA1133-ECA1114",7.81699149854376e-11
"742","CRISPR","silver","median.norm.EXT","ECA1134-ECA1114",1.45620093761067e-09
"743","CRISPR","silver","median.norm.EXT","ECA1135-ECA1114",2.35691510752645e-09
"744","CRISPR","silver","median.norm.EXT","ECA232-ECA1114",2.43228566176867e-08
"745","CRISPR","silver","median.norm.EXT","N2-ECA1114",4.6296300126869e-14
"746","CRISPR","silver","median.norm.EXT","ECA1133-ECA1132",0.96550533813394
"747","CRISPR","silver","median.norm.EXT","ECA1134-ECA1132",0.428092112832042
"748","CRISPR","silver","median.norm.EXT","ECA1135-ECA1132",0.593847631444294
"749","CRISPR","silver","median.norm.EXT","ECA232-ECA1132",0.146834636898789
"750","CRISPR","silver","median.norm.EXT","N2-ECA1132",0.256929423055016
"751","CRISPR","silver","median.norm.EXT","ECA1134-ECA1133",0.981872782042809
"752","CRISPR","silver","median.norm.EXT","ECA1135-ECA1133",0.995469138208016
"753","CRISPR","silver","median.norm.EXT","ECA232-ECA1133",0.818319321763454
"754","CRISPR","silver","median.norm.EXT","N2-ECA1133",0.0222355793098876
"755","CRISPR","silver","median.norm.EXT","ECA1135-ECA1134",0.999999787628508
"756","CRISPR","silver","median.norm.EXT","ECA232-ECA1134",0.999151115596044
"757","CRISPR","silver","median.norm.EXT","N2-ECA1134",0.000301373589749354
"758","CRISPR","silver","median.norm.EXT","ECA232-ECA1135",0.996342590104738
"759","CRISPR","silver","median.norm.EXT","N2-ECA1135",0.00120918479385512
"760","CRISPR","silver","median.norm.EXT","N2-ECA232",2.59577184785753e-05
"761","CRISPR","puromycin","median.norm.EXT","ECA1114-CB4856",1.07642233750926e-05
"762","CRISPR","puromycin","median.norm.EXT","ECA1132-CB4856",0.00629677547918761
"763","CRISPR","puromycin","median.norm.EXT","ECA1133-CB4856",0.984301794558791
"764","CRISPR","puromycin","median.norm.EXT","ECA1134-CB4856",0.843689035023256
"765","CRISPR","puromycin","median.norm.EXT","ECA1135-CB4856",0.0082016084190617
"766","CRISPR","puromycin","median.norm.EXT","ECA232-CB4856",0.960019689563952
"767","CRISPR","puromycin","median.norm.EXT","N2-CB4856",0.48336335991905
"768","CRISPR","puromycin","median.norm.EXT","ECA1132-ECA1114",0.505014940335716
"769","CRISPR","puromycin","median.norm.EXT","ECA1133-ECA1114",9.3509554034088e-05
"770","CRISPR","puromycin","median.norm.EXT","ECA1134-ECA1114",0.000166281966900939
"771","CRISPR","puromycin","median.norm.EXT","ECA1135-ECA1114",0.369114962628354
"772","CRISPR","puromycin","median.norm.EXT","ECA232-ECA1114",1.43768574507597e-05
"773","CRISPR","puromycin","median.norm.EXT","N2-ECA1114",0.00150036469231707
"774","CRISPR","puromycin","median.norm.EXT","ECA1133-ECA1132",0.0503497622727136
"775","CRISPR","puromycin","median.norm.EXT","ECA1134-ECA1132",0.106761882098971
"776","CRISPR","puromycin","median.norm.EXT","ECA1135-ECA1132",0.99999979875895
"777","CRISPR","puromycin","median.norm.EXT","ECA232-ECA1132",0.0252948719616065
"778","CRISPR","puromycin","median.norm.EXT","N2-ECA1132",0.371954376472905
"779","CRISPR","puromycin","median.norm.EXT","ECA1134-ECA1133",0.999608340540745
"780","CRISPR","puromycin","median.norm.EXT","ECA1135-ECA1133",0.0647360033096444
"781","CRISPR","puromycin","median.norm.EXT","ECA232-ECA1133",0.999999991892315
"782","CRISPR","puromycin","median.norm.EXT","N2-ECA1133",0.948052682942298
"783","CRISPR","puromycin","median.norm.EXT","ECA1135-ECA1134",0.135956039810296
"784","CRISPR","puromycin","median.norm.EXT","ECA232-ECA1134",0.999826132382653
"785","CRISPR","puromycin","median.norm.EXT","N2-ECA1134",0.997597389179639
"786","CRISPR","puromycin","median.norm.EXT","ECA232-ECA1135",0.0330615259983412
"787","CRISPR","puromycin","median.norm.EXT","N2-ECA1135",0.446135211367563
"788","CRISPR","puromycin","median.norm.EXT","N2-ECA232",0.944248378041986
"789","CRISPR","cisplatin","median.norm.EXT","ECA1114-CB4856",7.44200340299095e-05
"790","CRISPR","cisplatin","median.norm.EXT","ECA1132-CB4856",0.00453988791513527
"791","CRISPR","cisplatin","median.norm.EXT","ECA1133-CB4856",0.999999879994123
"792","CRISPR","cisplatin","median.norm.EXT","ECA1134-CB4856",0.106976609804884
"793","CRISPR","cisplatin","median.norm.EXT","ECA1135-CB4856",0.14604787625361
"794","CRISPR","cisplatin","median.norm.EXT","ECA232-CB4856",0.174146879785205
"795","CRISPR","cisplatin","median.norm.EXT","N2-CB4856",0.945010345140351
"796","CRISPR","cisplatin","median.norm.EXT","ECA1132-ECA1114",0.823132386136757
"797","CRISPR","cisplatin","median.norm.EXT","ECA1133-ECA1114",2.32787470337836e-05
"798","CRISPR","cisplatin","median.norm.EXT","ECA1134-ECA1114",0.148003291401137
"799","CRISPR","cisplatin","median.norm.EXT","ECA1135-ECA1114",0.104341360701218
"800","CRISPR","cisplatin","median.norm.EXT","ECA232-ECA1114",0.0960321041943677
"801","CRISPR","cisplatin","median.norm.EXT","N2-ECA1114",0.000640872970923856
"802","CRISPR","cisplatin","median.norm.EXT","ECA1133-ECA1132",0.00217751856177062
"803","CRISPR","cisplatin","median.norm.EXT","ECA1134-ECA1132",0.908308999306679
"804","CRISPR","cisplatin","median.norm.EXT","ECA1135-ECA1132",0.842072151766444
"805","CRISPR","cisplatin","median.norm.EXT","ECA232-ECA1132",0.81682023751276
"806","CRISPR","cisplatin","median.norm.EXT","N2-ECA1132",0.0419425595878868
"807","CRISPR","cisplatin","median.norm.EXT","ECA1134-ECA1133",0.0836959851217379
"808","CRISPR","cisplatin","median.norm.EXT","ECA1135-ECA1133",0.119833206311803
"809","CRISPR","cisplatin","median.norm.EXT","ECA232-ECA1133",0.147810097466714
"810","CRISPR","cisplatin","median.norm.EXT","N2-ECA1133",0.96017385582372
"811","CRISPR","cisplatin","median.norm.EXT","ECA1135-ECA1134",0.999999859091876
"812","CRISPR","cisplatin","median.norm.EXT","ECA232-ECA1134",0.999998434515307
"813","CRISPR","cisplatin","median.norm.EXT","N2-ECA1134",0.550928959996342
"814","CRISPR","cisplatin","median.norm.EXT","ECA232-ECA1135",0.99999999963105
"815","CRISPR","cisplatin","median.norm.EXT","N2-ECA1135",0.655801318409765
"816","CRISPR","cisplatin","median.norm.EXT","N2-ECA232",0.711875547411431
